feature,correlation,p_value,significant
age,0.2452387562319822,7.435468822636959e-71,True
avg_glucose_level,0.13199119156645805,2.7053026971672113e-21,True
bmi,0.036075448294213656,0.009914906905753132,True
